-,-,-,-,-,n,i,p,_,r,e,p,o,r,t,4,7,-,-,-,-,-
session_id,transaction_date,response_code,amount
000001220308071156000154550495,2022-03-08 07:11:35,00,6800.00
000001220719103624000180711811,2022-07-19 10:36:15,00,200000.00
000001220902181527720189178711,2022-09-02 18:15:32,00,50000.00
000001221020110102000200108916,2022-10-20 12:00:27,00,77200.00
000001221020161625000200188698,2022-10-20 17:15:53,00,10000.00
000001221026151621000201449845,2022-10-26 16:15:45,00,1000000.00
000001221026151702000201449126,2022-10-26 16:16:27,00,1000000.00
000001221028092027000201776409,2022-10-28 10:19:48,00,60000.00
000001221028093425000201780251,2022-10-28 10:33:47,00,60000.00
000001221028094155000201782251,2022-10-28 10:41:23,00,40000.00
000001221028102529000201793207,2022-10-28 11:24:50,00,70000.00
000001221028140531000201848450,2022-10-28 15:04:53,00,70000.00
000001221102075749000202845261,2022-11-02 08:57:13,00,450000.00
000001221105171917000203736791,2022-11-05 18:18:28,00,11500.00
000001221114150753000205588441,2022-11-14 16:06:59,00,95000.00
000001221118070036000206321319,2022-11-18 07:59:39,00,44000.00
000001221126133325000208140261,2022-11-26 14:32:21,00,63700.00
000001221215165652000212562315,2022-12-15 17:55:31,00,8500.00
000001221215190612000212597804,2022-12-15 19:04:51,00,15000.00
000001221219200605000213498639,2022-12-19 20:06:57,00,15000.00
000001221221064921000213813101,2022-12-21 06:47:57,00,13000.00
000001221221120652218237295102,2022-12-21 13:05:37,00,4290000.00
000001221222134400000214174061,2022-12-22 14:44:20,00,55000.00
000001221222174422000214265668,2022-12-22 18:42:56,00,3500000.00
000001221223140445000214489072,2022-12-23 15:03:19,00,1000000.00
000001221225133813000215034251,2022-12-25 14:36:44,00,30000.00
000001221226182148000215262266,2022-12-26 19:20:17,00,100000.00
000001221227113328000215371679,2022-12-27 12:31:57,00,47500.00
000001221228123744033602602449,2022-12-28 13:42:10,00,408000.00
000001221228161015000215646441,2022-12-28 17:08:44,00,70100.00
000001221229113910000215810082,2022-12-29 12:37:39,00,1000.00
000001221229215329000215957582,2022-12-29 22:51:58,00,1503.86
000001221231022832000216217913,2022-12-31 03:27:13,00,2300000.00
000001230102203834000216764604,2023-01-02 20:36:56,00,1000.00
000001230104125003229249161631,2023-01-04 13:48:38,00,195000.00
000001230104200818000217156420,2023-01-04 21:06:57,00,24000.00
000001230104223148000217178327,2023-01-04 23:30:13,00,39000.00
000001230105135228000217279567,2023-01-05 14:50:53,00,82100.00
000001230105203655000217369310,2023-01-05 20:35:19,00,24000.00
000001230106141003000217500212,2023-01-06 14:08:29,00,400.00
000001230106141048000217500364,2023-01-06 14:09:13,00,400.00
000001230106141124000217500538,2023-01-06 14:09:49,00,400.00
000001230106141248000217500747,2023-01-06 14:11:14,00,400.00
000001230106141416000217501279,2023-01-06 14:12:43,00,400.00
000001230106141555000217501554,2023-01-06 14:14:20,00,400.00
000001230106141624000217501786,2023-01-06 14:14:50,00,400.00
000001230106150903000217511670,2023-01-06 15:07:23,00,925000.00
000001230106170502000217546412,2023-01-06 17:04:43,00,510825.09
000001230106214630006902608843,2023-01-06 22:10:42,00,1250.00
000001230106215614000202266074,2023-01-06 22:01:21,00,10000.00
000001230106215639086402658056,2023-01-06 22:00:56,00,1605000.00
000001230106215645000902098831,2023-01-06 22:00:34,00,1000.00
000001230106215648076402368856,2023-01-06 22:01:13,00,1500.00
000001230106215651092502115473,2023-01-06 22:01:03,00,140000.00
000001230106215702029102222246,2023-01-06 22:01:24,00,162500.00
000001230106215703007002344040,2023-01-06 22:00:54,00,950.00
000001230106215714049002110781,2023-01-06 22:00:58,00,100000.00
000001230106215717059402535423,2023-01-06 22:02:06,00,10000.00
000001230106215758024602940647,2023-01-06 22:01:02,00,70026.00
000001230106215807051202250034,2023-01-06 22:01:46,00,15000.00
000001230106215841012502225308,2023-01-06 22:00:31,00,2000.00
000001230106215849038402759323,2023-01-06 22:01:05,00,40000.00
000001230106215855000902527775,2023-01-06 22:02:01,00,3000.00
000001230106215910038702324928,2023-01-06 22:01:36,00,188000.00
000001230106215935006102656968,2023-01-06 22:02:14,00,350.00
000001230106220001085702159391,2023-01-06 22:01:22,00,313000.00
000001230106220017085602660772,2023-01-06 22:01:23,00,93000.00
000001230106220038016302422574,2023-01-06 22:01:12,00,40000.00
000001230106220045094402000553,2023-01-06 22:01:10,00,8000.00
000001230106220053011402706397,2023-01-06 22:01:01,00,598000.00
000001230106220107018002082770,2023-01-06 22:01:29,00,2000.00
000001230106220109071502684588,2023-01-06 22:02:26,00,3000.00
000001230106220122078302737071,2023-01-06 22:01:35,00,52000.00
000001230106220123059002113514,2023-01-06 22:01:43,00,160000.00
000001230106220135000217609360,2023-01-06 22:00:00,00,3000.00
000001230106220137000217609348,2023-01-06 21:59:59,00,7000.00
000001230106220137000217609367,2023-01-06 21:59:59,00,2000.00
000001230106220137000217609368,2023-01-06 22:00:01,00,8000.00
000001230106220138000217609369,2023-01-06 21:59:59,00,5000.00
000001230106220138000217609370,2023-01-06 22:00:05,00,20000.00
000001230106220139000217609375,2023-01-06 22:00:04,00,700.00
000001230106220141000217579292,2023-01-06 22:00:05,00,5500.00
000001230106220141000217609371,2023-01-06 22:00:06,00,22000.00
000001230106220141000217609372,2023-01-06 22:00:04,00,5000.00
000001230106220141000217609373,2023-01-06 22:00:02,00,10000.00
000001230106220141000217609374,2023-01-06 22:00:03,00,20000.00
000001230106220141000217609379,2023-01-06 22:00:04,00,10000.00
000001230106220141000217609380,2023-01-06 22:00:01,00,40000.00
000001230106220142000217609381,2023-01-06 22:00:13,00,2100.00
000001230106220143000217609361,2023-01-06 22:00:06,00,10000.00
000001230106220143000217609382,2023-01-06 22:00:05,00,1050.00
000001230106220144000217609325,2023-01-06 22:00:04,00,20000.00
000001230106220144000217609385,2023-01-06 22:00:05,00,22000.00
000001230106220145000217609387,2023-01-06 22:00:08,00,4100.00
000001230106220145738869172214,2023-01-06 22:00:03,00,1500.00
000001230106220146000217609388,2023-01-06 22:00:09,00,15000.00
000001230106220146000217609389,2023-01-06 22:00:11,00,50000.00
000001230106220147000217609378,2023-01-06 22:00:09,00,2500.00
000001230106220147000217609386,2023-01-06 22:00:09,00,3000.00
000001230106220147000217609391,2023-01-06 22:00:09,00,1000.00
000001230106220148000217609383,2023-01-06 22:00:09,00,20000.00
000001230106220148000217609392,2023-01-06 22:00:09,00,3000.00
000001230106220148000217609394,2023-01-06 22:00:10,00,9500.00
000001230106220149000217579334,2023-01-06 22:00:15,00,3600.00
000001230106220149000217609395,2023-01-06 22:00:12,00,3000.00
000001230106220149000217609396,2023-01-06 22:00:10,00,1000.00
000001230106220149000217609397,2023-01-06 22:00:11,00,5000.00
000001230106220150000217609377,2023-01-06 22:00:12,00,20000.00
000001230106220150000217609390,2023-01-06 22:00:14,00,7500.00
000001230106220150000217609398,2023-01-06 22:00:11,00,200000.00
000001230106220151000217609399,2023-01-06 22:00:13,00,3000.00
000001230106220151000217609400,2023-01-06 22:00:12,00,11300.00
000001230106220152000217609393,2023-01-06 22:00:14,00,10000.00
000001230106220152000217609402,2023-01-06 22:00:13,00,17700.00
000001230106220152000217609403,2023-01-06 22:00:18,00,5000.00
000001230106220153000217609401,2023-01-06 22:00:16,00,50000.00
000001230106220153000217609405,2023-01-06 22:00:25,00,10000.00
000001230106220154000217609404,2023-01-06 22:00:18,00,120000.00
000001230106220155000217609408,2023-01-06 22:00:15,00,7000.00
000001230106220156000217609409,2023-01-06 22:00:20,00,2000.00
000001230106220156000217609410,2023-01-06 22:00:18,00,62000.00
000001230106220156000217609411,2023-01-06 22:00:19,00,3100.00
000001230106220156000217609412,2023-01-06 22:00:17,00,10000.00
000001230106220156000217609413,2023-01-06 22:00:17,00,1000.00
000001230106220156000217609414,2023-01-06 22:00:17,00,68000.00
000001230106220157000217609406,2023-01-06 22:00:19,00,10000.00
000001230106220157000217609415,2023-01-06 22:00:18,00,5000.00
000001230106220157000217609417,2023-01-06 22:00:19,00,600.00
000001230106220157000217609418,2023-01-06 22:00:18,00,53000.00
000001230106220158000217609407,2023-01-06 22:00:21,00,100000.00
000001230106220158000217609419,2023-01-06 22:00:18,00,2000.00
000001230106220158058602770654,2023-01-06 22:02:07,00,2000.00
000001230106220159000217579369,2023-01-06 22:00:22,00,3000.00
000001230106220201000217609423,2023-01-06 22:00:25,00,18000.00
000001230106220201000217609424,2023-01-06 22:00:21,00,5000.00
000001230106220204000217609416,2023-01-06 22:00:27,00,25000.00
000001230106220204000217609420,2023-01-06 22:00:29,00,100000.00
000001230106220204000217609421,2023-01-06 22:00:25,00,30000.00
000001230106220204000217609422,2023-01-06 22:00:29,00,30000.00
000001230106220204000217609425,2023-01-06 22:00:27,00,15000.00
000001230106220204000217609428,2023-01-06 22:00:25,00,3000.00
000001230106220204000217609429,2023-01-06 22:00:30,00,20000.00
000001230106220204000217609430,2023-01-06 22:00:25,00,3000.00
000001230106220205000217609432,2023-01-06 22:00:31,00,3000.00
000001230106220205000217609433,2023-01-06 22:00:28,00,184000.00
000001230106220205000217609434,2023-01-06 22:00:29,00,5000.00
000001230106220207000217579421,2023-01-06 22:00:29,00,10000.00
000001230106220207000217609435,2023-01-06 22:00:28,00,797475.00
000001230106220207000217609436,2023-01-06 22:00:29,00,100.00
000001230106220209000217609431,2023-01-06 22:00:34,00,5000.00
000001230106220209000217609437,2023-01-06 22:00:30,00,23000.00
000001230106220209000217609438,2023-01-06 22:00:31,00,1600.00
000001230106220210000217609439,2023-01-06 22:00:32,00,600.00
000001230106220211000217609441,2023-01-06 22:00:32,00,400.00
000001230106220212000217609442,2023-01-06 22:00:36,00,3500.00
000001230106220212025002625910,2023-01-06 22:02:23,00,5000.00
000001230106220213000217609443,2023-01-06 22:00:34,00,50000.00
000001230106220214000217579608,2023-01-06 22:00:37,00,5800.00
000001230106220214000217609426,2023-01-06 22:00:41,00,30000.00
000001230106220214000217609427,2023-01-06 22:00:43,00,5000.00
000001230106220214000217609444,2023-01-06 22:00:44,00,3800.00
000001230106220214000217609446,2023-01-06 22:00:37,00,5000.00
000001230106220216009330126104,2023-01-06 22:00:36,00,6500.00
000001230106220217000217609451,2023-01-06 22:00:40,00,20000.00
000001230106220218000217609447,2023-01-06 22:00:47,00,3100.00
000001230106220218000217609448,2023-01-06 22:00:51,00,110000.00
000001230106220218000217609452,2023-01-06 22:00:41,00,3900.00
000001230106220219000217609454,2023-01-06 22:00:46,00,70000.00
000001230106220219000217609455,2023-01-06 22:00:40,00,150000.00
000001230106220219019502221644,2023-01-06 22:02:31,00,30000.00
000001230106220221000217579617,2023-01-06 22:00:42,00,3000.00
000001230106220221000217609456,2023-01-06 22:00:43,00,9300.00
000001230106220221000217609457,2023-01-06 22:00:46,00,3000.00
000001230106220223023902752391,2023-01-06 22:02:35,00,1000000.00
000001230106220224000217609459,2023-01-06 22:00:45,00,500000.00
000001230106220226000217609440,2023-01-06 22:00:47,00,500.00
000001230106220227000217579757,2023-01-06 22:00:49,00,50000.00
000001230106220227000217609460,2023-01-06 22:00:49,00,4600.00
000001230106220227000217609461,2023-01-06 22:00:48,00,114000.00
000001230106220227000217609462,2023-01-06 22:00:47,00,5000.00
000001230106220227000217609463,2023-01-06 22:00:50,00,11000.00
000001230106220228000217609445,2023-01-06 22:00:49,00,7000.00
000001230106220228000217609464,2023-01-06 22:00:49,00,30000.00
000001230106220230000217609466,2023-01-06 22:00:58,00,3000.00
000001230106220230083302930722,2023-01-06 22:02:40,00,17000.00
000001230106220231000217609467,2023-01-06 22:00:53,00,1600.00
000001230106220232000217609465,2023-01-06 22:00:55,00,420.00
000001230106220232000217609471,2023-01-06 22:00:54,00,2500.00
000001230106220233000217579765,2023-01-06 22:00:56,00,500.00
000001230106220233000217609470,2023-01-06 22:00:55,00,30000.00
000001230106220233000217609472,2023-01-06 22:00:55,00,100.00
000001230106220233000217609473,2023-01-06 22:00:55,00,8000.00
000001230106220234000217609469,2023-01-06 22:00:58,00,6000.00
000001230106220234000217609474,2023-01-06 22:00:56,00,100000.00
000001230106220234000217609475,2023-01-06 22:00:58,00,22300.00
000001230106220234000217609476,2023-01-06 22:01:01,00,2700.00
000001230106220235000217609478,2023-01-06 22:00:57,00,200.00
000001230106220235000217609479,2023-01-06 22:00:58,00,600000.00
000001230106220235030902554108,2023-01-06 22:02:50,00,40000.00
000001230106220236000217609483,2023-01-06 22:00:59,00,3000.00
000001230106220239000217609481,2023-01-06 22:01:01,00,20000.00
000001230106220239000217609484,2023-01-06 22:01:02,00,15000.00
000001230106220239000217609486,2023-01-06 22:01:04,00,3000.00
000001230106220239000217609488,2023-01-06 22:01:02,00,2000.00
000001230106220239000217609489,2023-01-06 22:01:00,00,2000.00
000001230106220239000217609492,2023-01-06 22:01:03,00,2500.00
000001230106220239000217609493,2023-01-06 22:01:05,00,4750.00
000001230106220239000217609495,2023-01-06 22:01:01,00,1500.00
000001230106220239000217609497,2023-01-06 22:01:01,00,5400.00
000001230106220239000217609501,2023-01-06 22:01:02,00,1000.00
000001230106220239000217609502,2023-01-06 22:01:01,00,3000.00
000001230106220239000217609503,2023-01-06 22:01:06,00,90000.00
000001230106220239000217609507,2023-01-06 22:01:02,00,20000.00
000001230106220239040302540464,2023-01-06 22:04:26,00,20000.00
000001230106220240000217579790,2023-01-06 22:01:01,00,2000.00
000001230106220240000217609468,2023-01-06 22:01:02,00,15000.00
000001230106220240000217609491,2023-01-06 22:01:02,00,10000.00
000001230106220240000217609506,2023-01-06 22:01:02,00,3000.00
000001230106220240000217609508,2023-01-06 22:01:02,00,40000.00
000001230106220240000217609509,2023-01-06 22:01:03,00,2500.00
000001230106220240000217609511,2023-01-06 22:01:03,00,11400.00
000001230106220241000217609515,2023-01-06 22:01:02,00,37000.00
000001230106220242000217609504,2023-01-06 22:01:08,00,1000.00
000001230106220242000217609516,2023-01-06 22:01:07,00,16500.00
000001230106220242000217609518,2023-01-06 22:01:08,00,25000.00
000001230106220243000217609477,2023-01-06 22:01:05,00,1000000.00
000001230106220243000217609519,2023-01-06 22:01:05,00,15000.00
000001230106220243000217609522,2023-01-06 22:01:05,00,600.00
000001230106220244000217609523,2023-01-06 22:01:07,00,2000.00
000001230106220245000217579885,2023-01-06 22:01:08,00,20000.00
000001230106220245000217609525,2023-01-06 22:01:11,00,20000.00
000001230106220246000217609496,2023-01-06 22:01:08,00,110000.00
000001230106220246000217609521,2023-01-06 22:01:07,00,3000.00
000001230106220246000217609524,2023-01-06 22:01:11,00,50000.00
000001230106220247000217609482,2023-01-06 22:01:09,00,20000.00
000001230106220247000217609500,2023-01-06 22:01:11,00,2500.00
000001230106220247000217609513,2023-01-06 22:01:11,00,756467.00
000001230106220247000217609528,2023-01-06 22:01:08,00,10000.00
000001230106220247000217609530,2023-01-06 22:01:08,00,10000.00
000001230106220247000217609531,2023-01-06 22:01:08,00,20000.00
000001230106220248000217609535,2023-01-06 22:01:10,00,3000.00
000001230106220248000217609536,2023-01-06 22:01:11,00,700.00
000001230106220248037002693757,2023-01-06 22:03:01,00,300.00
000001230106220249000217609532,2023-01-06 22:01:11,00,2100.00
000001230106220249000217609537,2023-01-06 22:01:10,00,16000.00
000001230106220250000217609485,2023-01-06 22:01:12,00,15000.00
000001230106220250000217609529,2023-01-06 22:01:12,00,2800.00
000001230106220250000217609539,2023-01-06 22:01:12,00,5000.00
000001230106220252000217579946,2023-01-06 22:01:14,00,150000.00
000001230106220252000217609498,2023-01-06 22:01:13,00,5000.00
000001230106220254000217609487,2023-01-06 22:01:15,00,1000.00
000001230106220254000217609543,2023-01-06 22:01:15,00,15000.00
000001230106220254000217609545,2023-01-06 22:01:16,00,5000.00
000001230106220255000217609510,2023-01-06 22:01:17,00,2100.00
000001230106220255000217609534,2023-01-06 22:01:17,00,2100.00
000001230106220255000217609546,2023-01-06 22:01:18,00,229000.00
000001230106220255000217609547,2023-01-06 22:01:19,00,15000.00
000001230106220255000217609549,2023-01-06 22:01:17,00,10000.00
000001230106220256000217609550,2023-01-06 22:01:20,00,7000.00
000001230106220257000217609551,2023-01-06 22:01:18,00,2000.00
000001230106220257000217609553,2023-01-06 22:01:21,00,350000.00
000001230106220257000217609554,2023-01-06 22:01:18,00,3000.00
000001230106220258000217579953,2023-01-06 22:01:18,00,5000.00
000001230106220258000217609540,2023-01-06 22:01:19,00,3000.00
000001230106220258000217609557,2023-01-06 22:01:20,00,500.00
000001230106220301000217609542,2023-01-06 22:01:23,00,1000.00
000001230106220301000217609558,2023-01-06 22:01:22,00,19855.00
000001230106220301000217609559,2023-01-06 22:01:23,00,100000.00
000001230106220301000217609560,2023-01-06 22:01:22,00,3500.00
000001230106220301000217609562,2023-01-06 22:01:22,00,300000.00
000001230106220302000217609552,2023-01-06 22:01:26,00,5000.00
000001230106220302000217609563,2023-01-06 22:01:28,00,2000.00
000001230106220303000217579990,2023-01-06 22:01:25,00,3000.00
000001230106220303000217609565,2023-01-06 22:01:26,00,9000.00
000001230106220303000217609566,2023-01-06 22:01:25,00,20000.00
000001230106220304000217609541,2023-01-06 22:01:25,00,300.00
000001230106220304000217609569,2023-01-06 22:01:27,00,4000.00
000001230106220306000217609568,2023-01-06 22:01:28,00,103000.00
000001230106220306000217609571,2023-01-06 22:01:28,00,800.00
000001230106220306000217609572,2023-01-06 22:01:28,00,5000.00
000001230106220306000217609574,2023-01-06 22:01:27,00,2500.00
000001230106220307000217609561,2023-01-06 22:01:30,00,1500.00
000001230106220307000217609564,2023-01-06 22:01:28,00,60000.00
000001230106220307000217609575,2023-01-06 22:01:28,00,180000.00
000001230106220307000217609576,2023-01-06 22:01:28,00,5000.00
000001230106220307000217609578,2023-01-06 22:01:29,00,2000.00
000001230106220308000217609580,2023-01-06 22:01:32,00,20000.00
000001230106220309000217580022,2023-01-06 22:01:31,00,21000.00
000001230106220309000217609567,2023-01-06 22:01:30,00,20000.00
000001230106220309000217609579,2023-01-06 22:01:34,00,28500.00
000001230106220309000217609585,2023-01-06 22:01:31,00,2000.00
000001230106220310000217609584,2023-01-06 22:01:30,00,530.00
000001230106220310000217609586,2023-01-06 22:01:32,00,100000.00
000001230106220310000217609588,2023-01-06 22:01:32,00,100000.00
000001230106220312000217609587,2023-01-06 22:01:34,00,3000.00
000001230106220312000217609590,2023-01-06 22:01:36,00,5000.00
000001230106220312000217609591,2023-01-06 22:01:34,00,400.00
000001230106220313000217609570,2023-01-06 22:01:38,00,9000.00
000001230106220314000217609594,2023-01-06 22:01:40,00,20000.00
000001230106220315000217580077,2023-01-06 22:01:37,00,3000.00
000001230106220315000217609595,2023-01-06 22:01:36,00,8000.00
000001230106220317000217609596,2023-01-06 22:01:38,00,600.00
000001230106220318000217609589,2023-01-06 22:01:40,00,25000.00
000001230106220319000217609593,2023-01-06 22:01:40,00,3000.00
000001230106220319000217609597,2023-01-06 22:01:40,00,1000.00
000001230106220319048602945860,2023-01-06 22:03:32,00,5800.00
000001230106220322000217580130,2023-01-06 22:01:44,00,15000.00
000001230106220323000217609600,2023-01-06 22:01:44,00,20000.00
000001230106220323000217609601,2023-01-06 22:01:44,00,9700.00
000001230106220323000217609602,2023-01-06 22:01:45,00,2000.00
000001230106220323000217609603,2023-01-06 22:01:46,00,11000.00
000001230106220324000217609604,2023-01-06 22:01:48,00,2000.00
000001230106220324000217609605,2023-01-06 22:01:47,00,5000.00
000001230106220324000217609607,2023-01-06 22:01:45,00,6000.00
000001230106220324000217609608,2023-01-06 22:01:45,00,900.00
000001230106220325000217609611,2023-01-06 22:01:47,00,2000.00
000001230106220326000217609614,2023-01-06 22:01:53,00,10000.00
000001230106220327000217609616,2023-01-06 22:01:49,00,6500.00
000001230106220328000217580245,2023-01-06 22:01:52,00,40000.00
000001230106220328000217609617,2023-01-06 22:01:50,00,7200.00
000001230106220328000217609620,2023-01-06 22:01:50,00,2000.00
000001230106220328010302720242,2023-01-06 22:03:43,00,4100.00
000001230106220329000217609621,2023-01-06 22:01:50,00,50000.00
000001230106220329000217609622,2023-01-06 22:01:51,00,5000.00
000001230106220329000217609623,2023-01-06 22:01:50,00,2500.00
000001230106220330000217609624,2023-01-06 22:01:51,00,10000.00
000001230106220330000217609626,2023-01-06 22:01:55,00,2000.00
000001230106220331000217609606,2023-01-06 22:01:52,00,5000.00
000001230106220331000217609627,2023-01-06 22:01:54,00,3000.00
000001230106220331000217609628,2023-01-06 22:01:52,00,15000.00
000001230106220332000217609609,2023-01-06 22:01:53,00,50000.00
000001230106220332000217609629,2023-01-06 22:02:01,00,1000.00
000001230106220332000217609630,2023-01-06 22:01:55,00,1000.00
000001230106220333000217609632,2023-01-06 22:01:56,00,20000.00
000001230106220333000217609634,2023-01-06 22:01:56,00,50000.00
000001230106220333000217609635,2023-01-06 22:01:56,00,10000.00
000001230106220334000217609636,2023-01-06 22:02:01,00,500.00
000001230106220335000217609638,2023-01-06 22:02:01,00,2100.00
000001230106220335000217609639,2023-01-06 22:02:01,00,1000.00
000001230106220336000217580333,2023-01-06 22:02:01,00,20000.00
000001230106220337000217609612,2023-01-06 22:02:01,00,5000.00
000001230106220337000217609642,2023-01-06 22:02:01,00,1500.00
000001230106220337000217609644,2023-01-06 22:02:01,00,60000.00
000001230106220337031702830877,2023-01-06 22:03:51,00,3500.00
000001230106220338000217609643,2023-01-06 22:02:11,00,15000.00
000001230106220339000217609646,2023-01-06 22:02:10,00,29900.00
000001230106220340000217609640,2023-01-06 22:02:11,00,2000.00
000001230106220340000217609647,2023-01-06 22:02:11,00,10000.00
000001230106220340000217609648,2023-01-06 22:02:15,00,42200.00
000001230106220345000217580400,2023-01-06 22:02:10,00,3000.00
000001230106220345000217609651,2023-01-06 22:02:10,00,3000.00
000001230106220345000217609654,2023-01-06 22:02:11,00,50000.00
000001230106220345000217609657,2023-01-06 22:02:13,00,1200.00
000001230106220346000217609659,2023-01-06 22:02:13,00,1000.00
000001230106220346000217609660,2023-01-06 22:02:11,00,45000.00
000001230106220348000217609649,2023-01-06 22:02:13,00,8100.00
000001230106220350000217609633,2023-01-06 22:02:13,00,66528.00
000001230106220351000217607826,2023-01-06 22:02:13,00,1000000.00
000001230106220351000217609641,2023-01-06 22:02:15,00,3000.00
000001230106220351000217609658,2023-01-06 22:02:13,00,5000.00
000001230106220351000217609663,2023-01-06 22:02:14,00,6000.00
000001230106220351000217609667,2023-01-06 22:02:13,00,5000.00
000001230106220352000217607892,2023-01-06 22:02:20,00,5000000.00
000001230106220352000217609656,2023-01-06 22:02:14,00,5000.00
000001230106220352000217609662,2023-01-06 22:02:16,00,39000.00
000001230106220352000217609668,2023-01-06 22:02:14,00,3000.00
000001230106220352000217609671,2023-01-06 22:02:14,00,6400.00
000001230106220353000217609674,2023-01-06 22:02:17,00,50000.00
000001230106220354000217608359,2023-01-06 22:02:15,00,500000.00
000001230106220354000217608368,2023-01-06 22:02:22,00,10000000.00
000001230106220355000217580464,2023-01-06 22:02:16,00,6500.00
000001230106220355000217609650,2023-01-06 22:02:18,00,1600.00
000001230106220355000217609677,2023-01-06 22:02:20,00,15000.00
000001230106220355000217609680,2023-01-06 22:02:20,00,50000.00
000001230106220355000217609681,2023-01-06 22:02:21,00,5000.00
000001230106220356000217609666,2023-01-06 22:02:17,00,20000.00
000001230106220356000217609675,2023-01-06 22:02:19,00,5000.00
000001230106220357000217609678,2023-01-06 22:02:23,00,2100.00
000001230106220357000217609682,2023-01-06 22:02:18,00,5000.00
000001230106220357000217609684,2023-01-06 22:02:24,00,60000.00
000001230106220358000217609685,2023-01-06 22:02:22,00,3000.00
000001230106220359000217609665,2023-01-06 22:02:24,00,1000.00
000001230106220359000217609689,2023-01-06 22:02:27,00,250000.00
000001230106220400000217580473,2023-01-06 22:02:25,00,200000.00
000001230106220400000217609694,2023-01-06 22:02:28,00,270000.00
000001230106220402070402402949,2023-01-06 22:20:47,00,20000.00
000001230106220403027102188762,2023-01-06 22:20:47,00,2000.00
000001230106220404000217609679,2023-01-06 22:02:26,00,4000.00
000001230106220404000217609688,2023-01-06 22:02:33,00,15000.00
000001230106220404000217609692,2023-01-06 22:02:26,00,2100.00
000001230106220404000217609695,2023-01-06 22:02:26,00,10000.00
000001230106220404000217609697,2023-01-06 22:02:26,00,67000.00
000001230106220404000217609698,2023-01-06 22:02:41,00,1600.00
000001230106220404000217609699,2023-01-06 22:02:28,00,85200.00
000001230106220404000217609700,2023-01-06 22:02:26,00,9800.00
000001230106220404000217609701,2023-01-06 22:02:30,00,2000.00
000001230106220404000217609702,2023-01-06 22:02:26,00,10000.00
000001230106220404000217609703,2023-01-06 22:02:26,00,4000.00
000001230106220404000217609704,2023-01-06 22:02:25,00,5000.00
000001230106220404000217609705,2023-01-06 22:02:26,00,3000.00
000001230106220405000217609709,2023-01-06 22:02:28,00,19000.00
000001230106220407000217609712,2023-01-06 22:02:30,00,150000.00
000001230106220407000217609713,2023-01-06 22:02:30,00,1000.00
000001230106220408000217609664,2023-01-06 22:02:30,00,23000.00
000001230106220408000217609672,2023-01-06 22:02:30,00,1000.00
000001230106220408000217609715,2023-01-06 22:02:31,00,500.00
000001230106220408000217609716,2023-01-06 22:02:30,00,40000.00
000001230106220409000217609714,2023-01-06 22:02:31,00,5000.00
000001230106220409000217609718,2023-01-06 22:02:31,00,40001.00
000001230106220410000217580487,2023-01-06 22:02:33,00,101000.00
000001230106220410000217609708,2023-01-06 22:02:33,00,40000.00
000001230106220410000217609719,2023-01-06 22:02:32,00,3000.00
000001230106220410000217609722,2023-01-06 22:02:33,00,500.00
000001230106220411000217609696,2023-01-06 22:02:33,00,100000.00
000001230106220411000217609720,2023-01-06 22:02:43,00,100000.00
000001230106220412000217609721,2023-01-06 22:02:36,00,20000.00
000001230106220412000217609723,2023-01-06 22:02:36,00,20000.00
000001230106220412000217609726,2023-01-06 22:02:34,00,3000.00
000001230106220412000217609727,2023-01-06 22:02:38,00,2000.00
000001230106220412000217609728,2023-01-06 22:02:36,00,75000.00
000001230106220412000217609729,2023-01-06 22:02:33,00,1000.00
000001230106220413000217609730,2023-01-06 22:02:35,00,1400.00
000001230106220413000217609731,2023-01-06 22:02:34,00,265400.00
000001230106220415000217609686,2023-01-06 22:02:39,00,99800.00
000001230106220417000217609490,2023-01-06 22:02:41,00,2000.00
000001230106220417000217609725,2023-01-06 22:02:41,00,10000.00
000001230106220418000217580616,2023-01-06 22:02:39,00,2000.00
000001230106220418000217609691,2023-01-06 22:02:39,00,150000.00
000001230106220418000217609737,2023-01-06 22:02:41,00,10000.00
000001230106220419000217609734,2023-01-06 22:02:41,00,1200.00
000001230106220419000217609739,2023-01-06 22:02:40,00,3500.00
000001230106220420000217609706,2023-01-06 22:02:43,00,2100.00
000001230106220420000217609741,2023-01-06 22:02:42,00,4000.00
000001230106220422000217609742,2023-01-06 22:02:43,00,2000.00
000001230106220422000217609743,2023-01-06 22:02:44,00,600.00
000001230106220422000217609744,2023-01-06 22:02:43,00,1300.00
000001230106220423000217609711,2023-01-06 22:02:49,00,10000.00
000001230106220423000217609745,2023-01-06 22:02:49,00,45000.00
000001230106220423000217609746,2023-01-06 22:02:44,00,10000.00
000001230106220424000217580828,2023-01-06 22:02:45,00,5600.00
000001230106220424000217609747,2023-01-06 22:02:49,00,51400.00
000001230106220424000217609748,2023-01-06 22:02:45,00,50000.00
000001230106220424000217609749,2023-01-06 22:02:45,00,3000.00
000001230106220425000217609494,2023-01-06 22:02:47,00,1000.00
000001230106220425000217609750,2023-01-06 22:02:46,00,1000.00
000001230106220426000217609676,2023-01-06 22:02:48,00,3700.00
000001230106220426000217609752,2023-01-06 22:02:57,00,1000.00
000001230106220427000217609753,2023-01-06 22:02:48,00,5200.00
000001230106220427000217609756,2023-01-06 22:02:49,00,20000.00
000001230106220428000217609757,2023-01-06 22:02:49,00,10000.00
000001230106220428125131088533,2023-01-06 22:02:46,00,50000.00
000001230106220429000217609759,2023-01-06 22:02:54,00,21500.00
000001230106220429000217609760,2023-01-06 22:02:51,00,1200.00
000001230106220430000217580842,2023-01-06 22:02:50,00,5000.00
000001230106220431000217609761,2023-01-06 22:02:53,00,20000.00
000001230106220432000217609631,2023-01-06 22:02:53,00,1000.00
000001230106220432000217609707,2023-01-06 22:02:52,00,1000.00
000001230106220432000217609763,2023-01-06 22:02:53,00,10000.00
000001230106220433000217609764,2023-01-06 22:02:54,00,8500.00
000001230106220434000217580898,2023-01-06 22:02:55,00,15000.00
000001230106220435000217609767,2023-01-06 22:02:57,00,20000.00
000001230106220436000217609769,2023-01-06 22:03:01,00,12000.00
000001230106220437000217609693,2023-01-06 22:03:01,00,50000.00
000001230106220437000217609738,2023-01-06 22:02:59,00,2500.00
000001230106220437000217609770,2023-01-06 22:02:57,00,200000.00
000001230106220437000217609771,2023-01-06 22:03:00,00,1900.00
000001230106220438000217609773,2023-01-06 22:03:00,00,15000.00
000001230106220438000217609774,2023-01-06 22:03:03,00,94000.00
000001230106220439000217609775,2023-01-06 22:03:02,00,1200.00
000001230106220439000217609776,2023-01-06 22:03:01,00,1500.00
000001230106220439000217609777,2023-01-06 22:03:03,00,20000.00
000001230106220440000217581070,2023-01-06 22:03:01,00,3000.00
000001230106220440000217609778,2023-01-06 22:03:01,00,2000.00
000001230106220440023002624522,2023-01-06 22:04:53,00,5000.00
000001230106220441000217609772,2023-01-06 22:03:01,00,35000.00
000001230106220441000217609779,2023-01-06 22:03:17,00,50000.00
000001230106220441000217609780,2023-01-06 22:03:04,00,5000.00
000001230106220441000217609781,2023-01-06 22:03:02,00,160000.00
000001230106220442000217609782,2023-01-06 22:03:09,00,2200.00
000001230106220443000217609783,2023-01-06 22:03:04,00,34000.00
000001230106220443000217609784,2023-01-06 22:03:03,00,20000.00
000001230106220443000217609785,2023-01-06 22:03:04,00,1000.00
000001230106220443000217609786,2023-01-06 22:03:09,00,1000.00
000001230106220445000217609582,2023-01-06 22:03:07,00,1950.00
000001230106220446000217581149,2023-01-06 22:03:07,00,10200.00
000001230106220446000217609792,2023-01-06 22:03:05,00,1000.00
000001230106220447000217609788,2023-01-06 22:03:09,00,20000.00
000001230106220447000217609789,2023-01-06 22:03:07,00,1000.00
000001230106220447000217609793,2023-01-06 22:03:07,00,375000.00
000001230106220447000217609794,2023-01-06 22:03:11,00,1000.00
000001230106220447000217609795,2023-01-06 22:03:08,00,20000.00
000001230106220447000217609797,2023-01-06 22:03:14,00,20400.00
000001230106220448000217609798,2023-01-06 22:03:13,00,2000.00
000001230106220450000217609802,2023-01-06 22:03:11,00,10200.00
000001230106220451000217581182,2023-01-06 22:03:13,00,300000.00
000001230106220451000217609615,2023-01-06 22:03:13,00,20000.00
000001230106220451000217609799,2023-01-06 22:03:12,00,20000.00
000001230106220451000217609800,2023-01-06 22:03:12,00,500.00
000001230106220451000217609801,2023-01-06 22:03:13,00,1000.00
000001230106220451000217609803,2023-01-06 22:03:18,00,20000.00
000001230106220452000217609804,2023-01-06 22:03:14,00,5000.00
000001230106220452000217609805,2023-01-06 22:03:16,00,15000.00
000001230106220452000217609807,2023-01-06 22:03:20,00,500000.00
000001230106220453000217609808,2023-01-06 22:03:14,00,300.00
000001230106220454000217609754,2023-01-06 22:03:16,00,2000.00
000001230106220454000217609810,2023-01-06 22:03:15,00,2100.00
000001230106220455000217609812,2023-01-06 22:03:16,00,5000.00
000001230106220455000217609813,2023-01-06 22:03:16,00,5000.00
000001230106220455000217609814,2023-01-06 22:03:17,97,45000.00
000001230106220455064902852641,2023-01-06 22:04:32,00,2500.00
000001230106220456000217609816,2023-01-06 22:03:26,00,2000.00
000001230106220456050602686667,2023-01-06 22:04:14,00,2000.00
000001230106220457000217581196,2023-01-06 22:03:19,00,95350.00
000001230106220457000217609669,2023-01-06 22:03:18,00,2000.00
000001230106220457000217609818,2023-01-06 22:03:24,00,2000.00
000001230106220457000217609819,2023-01-06 22:03:17,00,7500.00
000001230106220457000217609820,2023-01-06 22:03:22,00,12000.00
000001230106220457000217609821,2023-01-06 22:03:18,00,1200.00
000001230106220458000217609809,2023-01-06 22:03:19,00,5000.00
000001230106220459000217609815,2023-01-06 22:03:21,00,25000.00
000001230106220500000217609766,2023-01-06 22:03:22,00,10000.00
000001230106220500000217609827,2023-01-06 22:03:27,00,20000.00
000001230106220502000217609825,2023-01-06 22:03:39,00,4500.00
000001230106220502000217609829,2023-01-06 22:03:23,00,4000.00
000001230106220502000217609830,2023-01-06 22:03:25,00,20000.00
000001230106220502000217609831,2023-01-06 22:03:23,00,1000.00
000001230106220503000217609811,2023-01-06 22:03:25,00,129000.00
000001230106220503000217609833,2023-01-06 22:03:24,00,1000.00
000001230106220503000217609834,2023-01-06 22:03:26,00,300.00
000001230106220504000217581247,2023-01-06 22:03:26,00,20000.00
000001230106220504000217609835,2023-01-06 22:03:27,00,50000.00
000001230106220504000217609836,2023-01-06 22:03:25,00,2000.00
000001230106220505000217609837,2023-01-06 22:03:25,00,10000.00
000001230106220506000217609823,2023-01-06 22:03:27,00,29500.00
000001230106220506000217609838,2023-01-06 22:03:27,00,2000.00
000001230106220507000217609710,2023-01-06 22:03:28,00,1000.00
000001230106220507000217609839,2023-01-06 22:03:28,00,8000.00
000001230106220507000217609840,2023-01-06 22:03:31,00,2000.00
000001230106220508000217609841,2023-01-06 22:03:33,00,20000.00
000001230106220508000217609842,2023-01-06 22:03:28,00,5000.00
000001230106220508000217609843,2023-01-06 22:03:29,00,500.00
000001230106220510000217609832,2023-01-06 22:03:32,00,1000.00
000001230106220511000217581554,2023-01-06 22:03:31,00,1500.00
000001230106220511000217609845,2023-01-06 22:03:31,00,100000.00
000001230106220511000217609846,2023-01-06 22:03:33,00,2300.00
000001230106220512000217609787,2023-01-06 22:03:35,00,10000.00
000001230106220512000217609849,2023-01-06 22:03:34,00,4000.00
000001230106220513000217609828,2023-01-06 22:03:38,00,1500.00
000001230106220513000217609850,2023-01-06 22:03:35,00,5000.00
000001230106220513000217609851,2023-01-06 22:03:34,00,5000.00
000001230106220514000217609852,2023-01-06 22:03:40,00,5000.00
000001230106220514000217609854,2023-01-06 22:03:34,00,20200.00
000001230106220515000217581561,2023-01-06 22:03:35,00,7000.00
000001230106220516000217609853,2023-01-06 22:03:36,00,3000.00
000001230106220518000217609861,2023-01-06 22:03:39,00,15000.00
000001230106220519000217609862,2023-01-06 22:03:39,00,3000.00
000001230106220520000217609790,2023-01-06 22:03:40,00,14000.00
000001230106220521000217581795,2023-01-06 22:03:42,00,2000.00
000001230106220521000217609844,2023-01-06 22:03:43,00,12000.00
000001230106220521000217609855,2023-01-06 22:03:41,00,2000.00
000001230106220521000217609856,2023-01-06 22:03:42,00,3000.00
000001230106220521000217609857,2023-01-06 22:03:42,00,1800.00
000001230106220521000217609858,2023-01-06 22:03:41,00,40000.00
000001230106220521000217609859,2023-01-06 22:03:41,00,226000.00
000001230106220521000217609863,2023-01-06 22:03:42,00,5000.00
000001230106220521000217609866,2023-01-06 22:03:42,00,20000.00
000001230106220522000217609796,2023-01-06 22:03:43,00,640.00
000001230106220524048002077060,2023-01-06 22:05:34,00,200.00
000001230106220525000217609653,2023-01-06 22:03:49,00,18150.00
000001230106220525000217609848,2023-01-06 22:03:47,00,1900.00
000001230106220525000217609865,2023-01-06 22:03:47,00,15000.00
000001230106220525000217609869,2023-01-06 22:03:56,00,85000.00
000001230106220525000217609870,2023-01-06 22:03:46,00,1000.00
000001230106220525000217609871,2023-01-06 22:03:48,00,3000.00
000001230106220525000217609872,2023-01-06 22:03:51,00,6000.00
000001230106220525000217609873,2023-01-06 22:03:49,00,10100.00
000001230106220525000217609874,2023-01-06 22:03:47,00,160000.00
000001230106220526000217581901,2023-01-06 22:03:48,00,2600.00
000001230106220526000217609875,2023-01-06 22:03:48,00,50000.00
000001230106220526000217609878,2023-01-06 22:03:48,00,8000.00
000001230106220527000217609879,2023-01-06 22:03:49,00,30900.00
000001230106220528000217609880,2023-01-06 22:03:48,00,500.00
000001230106220528014302329945,2023-01-06 22:04:22,00,300.00
000001230106220529000217609884,2023-01-06 22:03:51,00,20000.00
000001230106220529000217609886,2023-01-06 22:03:51,00,20000.00
000001230106220529167233421291,2023-01-06 22:03:47,00,200000.00
000001230106220530000217609888,2023-01-06 22:03:51,00,4000.00
000001230106220531000217609876,2023-01-06 22:03:53,00,3180.00
000001230106220531000217609885,2023-01-06 22:03:58,00,920.00
000001230106220531000217609889,2023-01-06 22:03:51,00,30000.00
000001230106220532000217609847,2023-01-06 22:03:52,00,500.00
000001230106220532000217609881,2023-01-06 22:03:52,00,8000.00
000001230106220533000217581947,2023-01-06 22:03:55,00,5000.00
000001230106220533000217609733,2023-01-06 22:03:54,00,1000.00
000001230106220533000217609890,2023-01-06 22:03:53,00,4000.00
000001230106220533000217609891,2023-01-06 22:03:53,00,10000.00
000001230106220533000217609892,2023-01-06 22:03:55,00,4400.00
000001230106220533000217609894,2023-01-06 22:03:54,00,1500.00
000001230106220534000217609896,2023-01-06 22:03:55,00,3000.00
000001230106220534000217609897,2023-01-06 22:03:55,00,2000.00
000001230106220534000217609898,2023-01-06 22:03:56,00,1000.00
000001230106220534000217609901,2023-01-06 22:03:59,00,200000.00
000001230106220535000217609902,2023-01-06 22:03:55,00,1050.00
000001230106220535000217609903,2023-01-06 22:03:56,00,400.00
000001230106220535000217609904,2023-01-06 22:04:00,00,3500.00
000001230106220536000217609893,2023-01-06 22:03:58,00,1000.00
000001230106220536000217609900,2023-01-06 22:03:56,00,3950.00
000001230106220536000217609906,2023-01-06 22:03:56,00,5000.00
000001230106220538000217609908,2023-01-06 22:04:01,00,21000.00
000001230106220539000217609817,2023-01-06 22:03:59,00,4000.00
000001230106220539000217609907,2023-01-06 22:04:04,00,30000.00
000001230106220539000217609909,2023-01-06 22:04:00,00,126000.00
000001230106220539000217609910,2023-01-06 22:03:59,00,1500.00
000001230106220540000217581996,2023-01-06 22:04:01,00,5100.00
000001230106220540000217609899,2023-01-06 22:04:00,00,5000.00
000001230106220540000217609912,2023-01-06 22:04:01,00,5000.00
000001230106220540000217609914,2023-01-06 22:04:08,00,1190000.00
000001230106220540000217609915,2023-01-06 22:04:02,00,5000.00
000001230106220541000217609895,2023-01-06 22:04:05,00,12000.00
000001230106220541000217609916,2023-01-06 22:04:03,00,2600.00
000001230106220541000217609917,2023-01-06 22:04:02,00,1000.00
000001230106220541000217609918,2023-01-06 22:04:05,00,10000.00
000001230106220542000217609913,2023-01-06 22:04:04,00,7000.00
000001230106220542000217609919,2023-01-06 22:04:03,00,22000.00
000001230106220543000217609758,2023-01-06 22:04:07,00,10000.00
000001230106220543000217609920,2023-01-06 22:04:04,00,1000.00
000001230106220544000217609921,2023-01-06 22:04:05,00,1300.00
000001230106220545000217609911,2023-01-06 22:04:05,00,200000.00
000001230106220545000217609925,2023-01-06 22:04:05,00,1000.00
000001230106220545000217609928,2023-01-06 22:04:06,00,500.00
000001230106220546000217582026,2023-01-06 22:04:06,00,2000.00
000001230106220546000217609683,2023-01-06 22:04:08,00,10000.00
000001230106220546000217609887,2023-01-06 22:04:08,00,3500.00
000001230106220546000217609929,2023-01-06 22:04:11,00,1100.00
000001230106220546000217609930,2023-01-06 22:04:07,00,5200.00
000001230106220547000217609931,2023-01-06 22:04:09,00,4800.00
000001230106220549000217609922,2023-01-06 22:04:09,00,4000.00
000001230106220549000217609932,2023-01-06 22:04:13,00,5000.00
000001230106220550000217582126,2023-01-06 22:04:11,00,2100.00
000001230106220550000217609936,2023-01-06 22:04:11,00,6160.00
000001230106220550000217609937,2023-01-06 22:04:13,00,30000.00
000001230106220550000217609938,2023-01-06 22:04:11,00,2000.00
000001230106220550000217609939,2023-01-06 22:04:10,00,10000.00
000001230106220550000217609940,2023-01-06 22:04:12,00,29000.00
000001230106220551000217609458,2023-01-06 22:04:16,00,500000.00
000001230106220551000217609941,2023-01-06 22:04:13,00,2100.00
000001230106220552000217609933,2023-01-06 22:04:14,00,1010.00
000001230106220552000217609943,2023-01-06 22:04:13,00,5500.00
000001230106220553000217609945,2023-01-06 22:04:15,00,1300.00
000001230106220553000217609946,2023-01-06 22:04:15,00,31200.00
000001230106220553000217609947,2023-01-06 22:04:16,00,1000.00
000001230106220554000217609927,2023-01-06 22:04:15,00,1500.00
000001230106220554000217609935,2023-01-06 22:04:15,00,10000.00
000001230106220554000217609948,2023-01-06 22:04:16,00,1000.00
000001230106220555000217609934,2023-01-06 22:04:17,00,4500.00
000001230106220555000217609951,2023-01-06 22:04:16,00,3000.00
000001230106220555000217609952,2023-01-06 22:04:18,00,10000.00
000001230106220555000217609953,2023-01-06 22:04:16,00,540.00
000001230106220556000217582275,2023-01-06 22:04:20,00,45000.00
000001230106220556000217609950,2023-01-06 22:04:18,00,8400.00
000001230106220557000217609954,2023-01-06 22:04:19,00,10000.00
000001230106220558000217609942,2023-01-06 22:04:23,00,20.00
000001230106220558000217609944,2023-01-06 22:04:21,00,1000.00
000001230106220558000217609955,2023-01-06 22:04:20,00,20000.00
000001230106220558000217609956,2023-01-06 22:04:29,00,30000.00
000001230106220558000217609957,2023-01-06 22:04:24,00,20000.00
000001230106220559000217609960,2023-01-06 22:04:24,00,100000.00
000001230106220559000217609962,2023-01-06 22:04:20,00,10000.00
000001230106220559000217609964,2023-01-06 22:04:22,00,35000.00
000001230106220600000217609958,2023-01-06 22:04:22,00,3000.00
000001230106220600000217609966,2023-01-06 22:04:22,00,20000.00
000001230106220601000217609512,2023-01-06 22:04:23,00,2000.00
000001230106220601000217609963,2023-01-06 22:04:24,00,10000.00
000001230106220601000217609967,2023-01-06 22:04:23,00,18000.00
000001230106220602000217609969,2023-01-06 22:04:27,00,2100.00
000001230106220602000217609971,2023-01-06 22:04:28,00,37000.00
000001230106220602000217609972,2023-01-06 22:04:28,00,5000.00
000001230106220607000217609970,2023-01-06 22:04:28,00,70000.00
000001230106220607000217609977,2023-01-06 22:04:30,00,5000.00
000001230106220607000217609979,2023-01-06 22:04:34,00,50000.00
000001230106220607000217609983,2023-01-06 22:04:29,00,10000.00
000001230106220607000217609985,2023-01-06 22:04:28,00,2000.00
000001230106220608000217609986,2023-01-06 22:04:37,00,1000.00
000001230106220608000217609989,2023-01-06 22:04:31,00,5000.00
000001230106220612000217609965,2023-01-06 22:04:37,00,20000.00
000001230106220612000217609976,2023-01-06 22:04:33,00,20000.00
000001230106220612000217609988,2023-01-06 22:04:32,00,22000.00
000001230106220612000217609992,2023-01-06 22:04:32,00,4300.00
000001230106220616000217582283,2023-01-06 22:04:39,00,4950.00
000001230106220616000217609949,2023-01-06 22:04:45,00,38000.00
000001230106220616000217609961,2023-01-06 22:04:39,00,1000.00
000001230106220616000217609978,2023-01-06 22:04:38,00,25000.00
000001230106220616000217609991,2023-01-06 22:04:37,00,300000.00
000001230106220617000217609544,2023-01-06 22:04:45,00,4000.00
000001230106220617000217609974,2023-01-06 22:04:44,00,5000.00
000001230106220617000217609981,2023-01-06 22:04:38,00,1500.00
000001230106220617000217609982,2023-01-06 22:04:38,00,2000.00
000001230106220617000217609987,2023-01-06 22:04:40,00,1000.00
000001230106220617000217609990,2023-01-06 22:04:42,00,20000.00
000001230106220617000217609995,2023-01-06 22:04:40,00,1500.00
000001230106220617000217609998,2023-01-06 22:04:48,00,6000.00
000001230106220617000217610000,2023-01-06 22:05:07,00,5000.00
000001230106220617000217610002,2023-01-06 22:04:39,00,50000.00
000001230106220617000217610004,2023-01-06 22:04:40,00,5000.00
000001230106220617000217610005,2023-01-06 22:04:40,00,9800.00
000001230106220617000217610007,2023-01-06 22:04:40,00,20000.00
000001230106220617000217610008,2023-01-06 22:04:43,00,80000.00
000001230106220617000217610009,2023-01-06 22:04:39,00,20000.00
000001230106220617000217610010,2023-01-06 22:04:39,00,1100.00
000001230106220619000217610013,2023-01-06 22:04:40,00,9000.00
000001230106220620000217610015,2023-01-06 22:04:44,00,500.00
000001230106220621000217610016,2023-01-06 22:04:43,00,1000.00
000001230106220622000217609999,2023-01-06 22:04:44,00,50000.00
000001230106220623000217610019,2023-01-06 22:04:45,00,3000.00
000001230106220623000217610021,2023-01-06 22:04:46,00,200.00
000001230106220624000217582357,2023-01-06 22:04:47,00,20000.00
000001230106220624000217610017,2023-01-06 22:05:09,00,4000.00
000001230106220624000217610018,2023-01-06 22:04:47,00,2000.00
000001230106220624000217610022,2023-01-06 22:04:45,00,1000.00
000001230106220624000217610024,2023-01-06 22:04:45,00,1050.00
000001230106220626000217609980,2023-01-06 22:04:50,00,5700.00
000001230106220626000217610027,2023-01-06 22:05:02,00,110000.00
000001230106220627000217610028,2023-01-06 22:04:49,00,94000.00
000001230106220628000217610026,2023-01-06 22:04:50,00,2500.00
000001230106220628000217610030,2023-01-06 22:04:52,00,22000.00
000001230106220628000217610031,2023-01-06 22:04:51,00,150000.00
000001230106220628000217610032,2023-01-06 22:05:02,00,5000.00
000001230106220629000217609762,2023-01-06 22:04:52,00,1500.00
000001230106220629000217609968,2023-01-06 22:04:51,00,4000.00
000001230106220629000217610023,2023-01-06 22:04:53,00,1000.00
000001230106220630000217610036,2023-01-06 22:04:53,00,41000.00
000001230106220631000217582372,2023-01-06 22:04:53,00,20000.00
000001230106220631000217609924,2023-01-06 22:05:02,00,14450.00
000001230106220631000217610025,2023-01-06 22:04:54,00,35000.00
000001230106220631000217610037,2023-01-06 22:05:05,00,2000.00
000001230106220632000217610029,2023-01-06 22:04:53,00,123000.00
000001230106220632000217610040,2023-01-06 22:04:55,00,5000.00
000001230106220633000217610041,2023-01-06 22:04:56,00,9000.00
000001230106220633000217610042,2023-01-06 22:04:55,00,2000.00
000001230106220633000217610043,2023-01-06 22:04:55,00,2000.00
000001230106220633000217610046,2023-01-06 22:04:57,00,3600.00
000001230106220633000217610048,2023-01-06 22:04:58,00,1500.00
000001230106220635000217610049,2023-01-06 22:05:06,00,130000.00
000001230106220635000217610050,2023-01-06 22:04:59,00,7000.00
000001230106220635000217610052,2023-01-06 22:04:56,00,15000.00
000001230106220636000217609655,2023-01-06 22:05:04,00,80000.00
000001230106220636000217610054,2023-01-06 22:04:58,00,5000.00
000001230106220636225515310427,2023-01-06 22:04:55,00,5500.00
000001230106220637000217610006,2023-01-06 22:05:00,00,4000.00
000001230106220637000217610051,2023-01-06 22:04:59,00,8000.00
000001230106220637000217610056,2023-01-06 22:04:59,00,2000.00
000001230106220637000217610058,2023-01-06 22:05:04,00,6100.00
000001230106220638000217582493,2023-01-06 22:05:00,00,20000.00
000001230106220638000217610035,2023-01-06 22:05:02,00,320000.00
000001230106220639000217610064,2023-01-06 22:05:04,00,950.00
000001230106220640000217610047,2023-01-06 22:05:09,00,2000.00
000001230106220641000217610057,2023-01-06 22:05:04,00,100.00
000001230106220641000217610068,2023-01-06 22:05:03,00,3000.00
000001230106220641060902390568,2023-01-06 22:06:53,00,60600.00
000001230106220643000217610060,2023-01-06 22:05:09,00,19500.00
000001230106220643000217610065,2023-01-06 22:05:11,00,2000.00
000001230106220643000217610070,2023-01-06 22:05:06,00,5000.00
000001230106220643000217610071,2023-01-06 22:05:05,00,2500.00
000001230106220643000217610072,2023-01-06 22:05:09,00,10000.00
000001230106220644000217582536,2023-01-06 22:05:12,00,20000.00
000001230106220644000217610011,2023-01-06 22:05:25,00,40000.00
000001230106220644000217610075,2023-01-06 22:05:08,00,3000.00
000001230106220645000217610044,2023-01-06 22:05:06,00,6000.00
000001230106220645000217610078,2023-01-06 22:05:10,00,9500.00
000001230106220645000217610080,2023-01-06 22:05:07,00,24000.00
000001230106220646000217610067,2023-01-06 22:05:08,00,1700.00
000001230106220646000217610076,2023-01-06 22:05:10,00,5500.00
000001230106220646000217610081,2023-01-06 22:05:07,00,1850.00
000001230106220647000217610012,2023-01-06 22:05:10,00,3800.00
000001230106220647000217610034,2023-01-06 22:05:10,00,74000.00
000001230106220648000217610083,2023-01-06 22:05:13,00,7100.00
000001230106220648000217610085,2023-01-06 22:05:13,00,20000.00
000001230106220648000217610086,2023-01-06 22:05:10,00,1630000.00
000001230106220648017502457075,2023-01-06 22:10:54,00,5000.00
000001230106220649000217609768,2023-01-06 22:05:12,00,13700.00
000001230106220649000217610082,2023-01-06 22:05:11,00,2000.00
000001230106220650000217610088,2023-01-06 22:05:12,00,10000.00
000001230106220650000217610089,2023-01-06 22:05:13,00,700000.00
000001230106220651000217610055,2023-01-06 22:05:17,00,20000.00
000001230106220651000217610084,2023-01-06 22:05:24,00,2200.00
000001230106220651000217610092,2023-01-06 22:05:14,00,16300.00
000001230106220652000217610087,2023-01-06 22:05:14,00,10000.00
000001230106220653000217610062,2023-01-06 22:05:16,00,1500.00
000001230106220653000217610091,2023-01-06 22:05:17,00,2000.00
000001230106220653000217610094,2023-01-06 22:05:14,00,2200.00
000001230106220654000217610069,2023-01-06 22:05:20,00,560000.00
000001230106220654000217610097,2023-01-06 22:05:21,00,12300.00
000001230106220655015602664653,2023-01-06 22:07:11,00,1600.00
000001230106220656000217582585,2023-01-06 22:05:18,00,5000.00
000001230106220656000217609822,2023-01-06 22:05:18,00,10000.00
000001230106220656000217610098,2023-01-06 22:05:19,00,9000.00
000001230106220658000217610093,2023-01-06 22:05:33,00,3500.00
000001230106220658000217610095,2023-01-06 22:05:22,00,3000.00
000001230106220658000217610100,2023-01-06 22:05:21,00,1100.00
000001230106220658000217610101,2023-01-06 22:05:21,00,20000.00
000001230106220659000217610103,2023-01-06 22:05:26,00,3200.00
000001230106220700000217610105,2023-01-06 22:05:30,00,76500.00
000001230106220700000217610106,2023-01-06 22:05:22,00,16000.00
000001230106220701000217610104,2023-01-06 22:05:23,00,7450.00
000001230106220701000217610108,2023-01-06 22:05:23,00,200000.00
000001230106220701000217610110,2023-01-06 22:05:24,00,20000.00
000001230106220702000217610112,2023-01-06 22:05:24,00,1117000.00
000001230106220702000217610114,2023-01-06 22:05:27,00,1500.00
000001230106220703000217582781,2023-01-06 22:05:30,00,100000.00
000001230106220703000217610107,2023-01-06 22:05:26,00,40000.00
000001230106220703088402711991,2023-01-06 22:07:12,00,1000.00
000001230106220704000217610116,2023-01-06 22:05:27,00,5000.00
000001230106220705000217610113,2023-01-06 22:05:28,00,3050.00
000001230106220706000217610096,2023-01-06 22:05:30,00,500000.00
000001230106220706000217610109,2023-01-06 22:05:31,00,40000.00
000001230106220706000217610118,2023-01-06 22:05:29,00,2500.00
000001230106220706000217610119,2023-01-06 22:05:31,00,50000.00
000001230106220707000217610061,2023-01-06 22:05:31,00,3000.00
000001230106220707000217610120,2023-01-06 22:05:31,00,3000.00
000001230106220707000217610121,2023-01-06 22:05:30,00,15000.00
000001230106220707000217610122,2023-01-06 22:05:30,00,10000.00
000001230106220708000217610099,2023-01-06 22:05:32,00,500000.00
000001230106220708000217610123,2023-01-06 22:05:31,00,20000.00
000001230106220709000217610124,2023-01-06 22:05:32,00,70000.00
000001230106220711000217610126,2023-01-06 22:05:36,00,4300.00
000001230106220711000217610128,2023-01-06 22:05:35,00,1100.00
000001230106220712000217610038,2023-01-06 22:05:36,00,15000.00
000001230106220712000217610129,2023-01-06 22:05:40,00,13000.00
000001230106220713000217610130,2023-01-06 22:05:37,00,2100.00
000001230106220713000217610131,2023-01-06 22:05:34,00,58500.00
000001230106220713000217610132,2023-01-06 22:05:35,00,6000.00
000001230106220714000217610125,2023-01-06 22:05:36,00,1800.00
000001230106220714000217610133,2023-01-06 22:05:38,00,10000.00
000001230106220715000217583020,2023-01-06 22:05:36,00,5000.00
000001230106220715000217610134,2023-01-06 22:05:38,00,20000.00
000001230106220715000217610135,2023-01-06 22:05:41,00,27900.00
000001230106220715000217610136,2023-01-06 22:05:39,00,20000.00
000001230106220716000217610115,2023-01-06 22:05:40,00,1000.00
000001230106220716000217610138,2023-01-06 22:05:46,00,31000.00
000001230106220717000217610139,2023-01-06 22:05:43,00,10000.00
000001230106220717000217610140,2023-01-06 22:05:40,00,13000.00
000001230106220718000217610141,2023-01-06 22:05:40,00,1000.00
000001230106220718000217610142,2023-01-06 22:05:43,00,30000.00
000001230106220719000217610143,2023-01-06 22:05:41,00,3000.00
000001230106220719000217610144,2023-01-06 22:05:46,00,10000.00
000001230106220719000217610146,2023-01-06 22:05:41,00,700.00
000001230106220719000217610148,2023-01-06 22:05:44,00,5000.00
000001230106220720000217610149,2023-01-06 22:05:42,00,150000.00
000001230106220720000217610150,2023-01-06 22:05:43,00,500.00
000001230106220720000217610151,2023-01-06 22:05:41,00,15000.00
000001230106220721000217583026,2023-01-06 22:06:01,00,10000.00
000001230106220721000217610147,2023-01-06 22:05:44,00,11000.00
000001230106220723000217610153,2023-01-06 22:05:44,00,9600.00
000001230106220723000217610154,2023-01-06 22:05:45,00,4300.00
000001230106220724000217610156,2023-01-06 22:05:47,00,95000.00
000001230106220724000217610157,2023-01-06 22:05:47,00,3000.00
000001230106220724000217610158,2023-01-06 22:05:46,00,500.00
000001230106220725000217610160,2023-01-06 22:05:49,00,5000.00
000001230106220726000217610159,2023-01-06 22:05:46,00,950.00
000001230106220726000217610162,2023-01-06 22:05:48,00,4000.00
000001230106220727000217610001,2023-01-06 22:05:49,00,10000.00
000001230106220727000217610163,2023-01-06 22:05:48,00,3000.00
000001230106220728000217610161,2023-01-06 22:05:54,00,500.00
000001230106220728000217610165,2023-01-06 22:05:49,00,50000.00
000001230106220728000217610167,2023-01-06 22:05:52,00,6450.00
000001230106220728000217610169,2023-01-06 22:05:52,00,5100.00
000001230106220729000217610155,2023-01-06 22:05:52,00,200000.00
000001230106220729000217610173,2023-01-06 22:05:53,00,5000.00
000001230106220730000217610174,2023-01-06 22:06:07,00,50000.00
000001230106220730000217610175,2023-01-06 22:05:50,00,10000.00
000001230106220731000217610180,2023-01-06 22:05:54,00,10100.00
000001230106220731000217610182,2023-01-06 22:05:56,00,20000.00
000001230106220732000217610184,2023-01-06 22:06:04,00,11500.00
000001230106220733000217610137,2023-01-06 22:05:57,00,13000.00
000001230106220733000217610166,2023-01-06 22:06:01,00,30000.00
000001230106220733000217610171,2023-01-06 22:06:03,00,10000.00
000001230106220733000217610176,2023-01-06 22:05:58,00,6000.00
000001230106220733000217610181,2023-01-06 22:06:05,00,4200.00
000001230106220733000217610183,2023-01-06 22:05:58,00,100000.00
000001230106220733000217610186,2023-01-06 22:05:58,00,20000.00
000001230106220733000217610188,2023-01-06 22:05:58,00,23000.00
000001230106220733000217610189,2023-01-06 22:05:58,00,2400.00
000001230106220734000217610045,2023-01-06 22:06:00,00,265000.00
000001230106220734000217610073,2023-01-06 22:05:57,00,1000.00
000001230106220735000217610178,2023-01-06 22:06:00,00,15000.00
000001230106220736000217610190,2023-01-06 22:05:59,00,30000.00
000001230106220736000217610192,2023-01-06 22:06:00,00,300000.00
000001230106220737000217610168,2023-01-06 22:06:00,00,4500.00
000001230106220738000217610152,2023-01-06 22:06:01,00,154455.00
000001230106220738000217610172,2023-01-06 22:06:01,00,1000.00
000001230106220738000217610185,2023-01-06 22:06:00,00,10000.00
000001230106220739000217610187,2023-01-06 22:06:02,00,10000.00
000001230106220739000217610191,2023-01-06 22:06:01,00,9800.00
000001230106220739000217610197,2023-01-06 22:06:01,00,6000.00
000001230106220739000217610198,2023-01-06 22:06:03,00,3000.00
000001230106220739000217610199,2023-01-06 22:06:05,00,4000.00
000001230106220739152189971042,2023-01-06 22:05:58,00,9100.00
000001230106220740000217610203,2023-01-06 22:06:04,00,39000.00
000001230106220741000217610204,2023-01-06 22:06:02,00,3000.00
000001230106220741000217610205,2023-01-06 22:06:09,00,38000.00
000001230106220742000217610200,2023-01-06 22:06:05,00,100000.00
000001230106220742000217610206,2023-01-06 22:06:06,00,5800.00
000001230106220742000217610207,2023-01-06 22:06:05,00,50000.00
000001230106220743000217609973,2023-01-06 22:06:06,00,50000.00
000001230106220743060702625778,2023-01-06 22:10:56,00,23000.00
000001230106220744000217610211,2023-01-06 22:06:05,00,30000.00
000001230106220744000217610215,2023-01-06 22:06:09,00,1400.00
000001230106220745000217610074,2023-01-06 22:06:16,00,16000.00
000001230106220745000217610193,2023-01-06 22:06:13,00,15000.00
000001230106220745000217610195,2023-01-06 22:06:09,00,30000.00
000001230106220745000217610212,2023-01-06 22:06:07,00,5000.00
000001230106220745000217610213,2023-01-06 22:06:12,00,10000.00
000001230106220745000217610217,2023-01-06 22:06:11,00,30000.00
000001230106220745000217610218,2023-01-06 22:06:25,00,13000.00
000001230106220746000217583055,2023-01-06 22:06:07,00,62000.00
000001230106220746000217610170,2023-01-06 22:06:09,00,50000.00
000001230106220746000217610221,2023-01-06 22:06:25,00,5000.00
000001230106220746000217610222,2023-01-06 22:06:11,00,4000.00
000001230106220747000217610202,2023-01-06 22:06:16,00,5000.00
000001230106220748000217610223,2023-01-06 22:06:10,00,5500.00
000001230106220748000217610224,2023-01-06 22:06:11,00,47000.00
000001230106220749000217610208,2023-01-06 22:06:20,00,25000.00
000001230106220749000217610219,2023-01-06 22:06:12,00,3000.00
000001230106220749000217610225,2023-01-06 22:06:11,00,6000.00
000001230106220749000217610227,2023-01-06 22:06:12,00,4700.00
000001230106220750000217610020,2023-01-06 22:06:17,00,1000.00
000001230106220750000217610196,2023-01-06 22:06:25,00,13400.00
000001230106220750000217610228,2023-01-06 22:06:30,00,40000.00
000001230106220750000217610229,2023-01-06 22:06:12,00,2000.00
000001230106220750000217610231,2023-01-06 22:06:22,00,3500.00
000001230106220750019302009167,2023-01-06 22:11:27,00,5000.00
000001230106220751000217610216,2023-01-06 22:06:14,00,33000.00
000001230106220751000217610233,2023-01-06 22:06:19,00,37600.00
000001230106220752000217583106,2023-01-06 22:06:17,00,10000.00
000001230106220752000217610214,2023-01-06 22:06:14,00,12000.00
000001230106220752044502466835,2023-01-06 22:10:26,00,8000.00
000001230106220754000217610234,2023-01-06 22:06:16,00,7000.00
000001230106220754000217610237,2023-01-06 22:06:16,00,10950.00
000001230106220755000217610240,2023-01-06 22:06:26,00,300000.00
000001230106220755000217610242,2023-01-06 22:06:34,00,5000.00
000001230106220756000217610220,2023-01-06 22:06:21,00,25000.00
000001230106220757000217610039,2023-01-06 22:06:26,00,1000.00
000001230106220757000217610241,2023-01-06 22:06:19,00,1300.00
000001230106220758000217610249,2023-01-06 22:06:21,00,10000.00
000001230106220801000217610033,2023-01-06 22:06:23,00,11642.00
000001230106220801000217610077,2023-01-06 22:06:23,00,990.00
000001230106220801561802442082,2023-01-06 22:06:26,00,28600.00
000001230106220806000217610270,2023-01-06 22:06:35,00,5000.00
000001230106220806000217610273,2023-01-06 22:06:31,00,30000.00
000001230106220807000217583124,2023-01-06 22:06:37,00,7000.00
000001230106220807000217610226,2023-01-06 22:06:33,00,7800.00
000001230106220807000217610230,2023-01-06 22:06:31,00,1000.00
000001230106220807000217610232,2023-01-06 22:06:33,00,404500.00
000001230106220807000217610235,2023-01-06 22:06:30,00,5000.00
000001230106220807000217610239,2023-01-06 22:06:34,00,2675000.00
000001230106220807000217610243,2023-01-06 22:06:31,00,8400.00
000001230106220807000217610244,2023-01-06 22:06:34,00,10000.00
000001230106220807000217610245,2023-01-06 22:06:31,00,5000.00
000001230106220807000217610246,2023-01-06 22:06:31,00,3000.00
000001230106220807000217610247,2023-01-06 22:06:35,00,13200.00
000001230106220807000217610248,2023-01-06 22:06:30,00,75000.00
000001230106220807000217610250,2023-01-06 22:06:35,00,6000.00
000001230106220807000217610252,2023-01-06 22:06:30,00,9900.00
000001230106220807000217610254,2023-01-06 22:06:31,00,11000.00
000001230106220807000217610256,2023-01-06 22:06:29,00,10500.00
000001230106220807000217610260,2023-01-06 22:06:35,00,20000.00
000001230106220807000217610261,2023-01-06 22:06:29,00,10000.00
000001230106220807000217610263,2023-01-06 22:06:31,00,2000.00
000001230106220807000217610264,2023-01-06 22:06:30,00,5000.00
000001230106220807000217610268,2023-01-06 22:06:32,00,7000.00
000001230106220807000217610275,2023-01-06 22:06:29,00,50000.00
000001230106220808000217610177,2023-01-06 22:06:35,00,20000.00
000001230106220808000217610279,2023-01-06 22:06:32,00,1000.00
000001230106220809000217610066,2023-01-06 22:06:31,00,20000.00
000001230106220810000217610090,2023-01-06 22:06:33,00,50000.00
000001230106220810000217610238,2023-01-06 22:06:40,00,10000.00
000001230106220810000217610282,2023-01-06 22:06:36,00,4000.00
000001230106220811000217610283,2023-01-06 22:06:34,00,7150.00
000001230106220812000217610286,2023-01-06 22:06:32,00,4000.00
000001230106220812000217610287,2023-01-06 22:06:39,00,3000.00
000001230106220812000217610289,2023-01-06 22:06:37,00,3500.00
000001230106220812000217610290,2023-01-06 22:06:36,00,5000.00
000001230106220813000217610291,2023-01-06 22:06:35,00,5000.00
000001230106220813000217610293,2023-01-06 22:06:42,00,1000.00
000001230106220814000217610296,2023-01-06 22:06:36,00,7000.00
000001230106220815000217610253,2023-01-06 22:06:41,00,3000.00
000001230106220815000217610257,2023-01-06 22:06:40,00,2900.00
000001230106220815000217610295,2023-01-06 22:06:37,00,3500.00
000001230106220815000217610298,2023-01-06 22:06:38,00,10000.00
000001230106220815000217610300,2023-01-06 22:06:37,00,4000.00
000001230106220816000217610079,2023-01-06 22:06:38,00,1500.00
000001230106220816000217610265,2023-01-06 22:06:39,00,4000.00
000001230106220817000217610302,2023-01-06 22:06:39,00,2900.00
000001230106220824000217583148,2023-01-06 22:06:50,00,17500.00
000001230106220824000217609997,2023-01-06 22:06:52,00,20000.00
000001230106220824000217610111,2023-01-06 22:06:49,00,2000.00
000001230106220824000217610236,2023-01-06 22:06:49,00,5000.00
000001230106220824000217610258,2023-01-06 22:06:48,00,5000.00
000001230106220824000217610259,2023-01-06 22:06:49,00,27000.00
000001230106220824000217610272,2023-01-06 22:06:50,00,8200.00
000001230118190450098202790046,2023-01-18 19:21:34,00,5600000.00
